,Title,Rating,Runtime,IMDB_Score,Action,Adventure,Biography,Comedy,Crime,Documentary,Drama,Family,History,Horror,Music,Mystery,Romance,Sport,Thriller,War,Western,TotalGross,TotalTheaters,OpeningGross,OpeningTheaters,Primetime_x,Release Date,Budget,DomesticGross,WorldwideGross
0,The Revenant,3.0,156.0,8.3,0,1,0,0,0,0,1,0,0,0,0,0,0,0,1,0,0,119192522,3711.0,474560,4.0,1.0,2015-12-25,135000000,119202240,223702240
1,The Big Short,3.0,130.0,8.0,0,0,1,0,0,0,1,0,0,0,0,0,0,0,0,0,0,56713841,2529.0,705527,8.0,1.0,2015-12-11,28000000,56390370,87090370
2,Black Mass,3.0,147.0,8.0,0,0,1,0,0,0,1,0,1,0,0,0,0,0,0,0,0,62575678,3188.0,22635037,3188.0,0.0,2015-09-18,53000000,62575678,91987157
3,Straight Outta Compton,3.0,123.0,7.1,0,0,1,0,1,0,1,0,0,0,0,0,0,0,0,0,0,161197785,3142.0,60200180,2757.0,0.0,2015-08-14,28000000,161058685,201042998
4,In the Heart of the Sea,4.0,123.0,7.1,0,0,1,0,0,0,1,0,0,0,0,0,0,1,0,0,0,24565757,3103.0,11053366,3103.0,1.0,2015-12-11,100000000,24701780,90101780
5,The Wolf of Wall Street,3.0,180.0,8.2,0,0,1,1,1,0,0,0,0,0,0,0,0,0,0,0,0,116900694,2557.0,18361578,2537.0,1.0,2013-12-25,100000000,116900694,391976723
6,The Walk,4.0,122.0,7.0,1,1,1,0,0,0,0,0,0,0,0,0,0,0,0,0,0,10137502,2509.0,1560299,448.0,0.0,2015-09-30,35000000,10137502,51637502
7,Titanic,4.0,194.0,7.7,0,0,0,0,0,0,1,0,0,0,0,0,1,0,0,0,0,600788188,3265.0,28638131,2674.0,1.0,1997-12-19,200000000,658672302,2207615668
8,American Sniper,4.0,97.0,5.3,0,0,0,0,1,0,1,0,0,0,0,0,0,0,1,0,0,350126372,3885.0,633456,4.0,1.0,2014-12-25,58000000,350126372,547326372
9,The Conjuring,4.0,137.0,7.2,0,0,1,0,0,0,1,0,0,0,0,0,0,1,0,0,0,137400141,3115.0,41855326,2903.0,1.0,2013-07-19,20000000,137400141,318000141
10,American Hustle,3.0,146.0,8.7,0,0,1,0,1,0,1,0,0,0,0,0,0,0,0,0,0,150117807,2629.0,740455,6.0,1.0,2013-12-13,40000000,150117807,257878294
11,Unbroken,3.0,169.0,8.6,1,0,0,0,0,0,1,0,0,0,0,0,0,0,0,1,0,115637895,3301.0,30621445,3131.0,1.0,2014-12-25,65000000,115637895,163442936
12,Goodfellas,4.0,141.0,8.0,0,0,1,0,1,0,1,0,0,0,0,0,0,0,0,0,0,46836214,1328.0,6368901,1070.0,0.0,1990-09-19,25000000,46261759,46261759
13,The Aviator,3.0,134.0,7.0,0,0,1,0,0,0,1,0,0,0,0,0,0,1,0,0,0,102610330,2530.0,858021,40.0,1.0,2004-12-17,110000000,102608827,208370892
14,Saving Private Ryan,3.0,112.0,7.5,0,0,0,0,0,0,0,0,0,1,0,0,0,0,0,0,0,216540909,2807.0,30576104,2463.0,1.0,1998-07-24,65000000,216119491,484819491
15,The Vow,4.0,103.0,6.2,0,0,1,0,0,0,1,0,0,0,0,0,1,0,0,0,0,125014030,3038.0,41202458,2958.0,0.0,2012-02-10,30000000,125014030,197618160
16,Lone Survivor,3.0,121.0,7.6,1,0,1,0,0,0,1,0,0,0,0,0,0,0,0,0,0,125095601,3285.0,90872,2.0,1.0,2013-12-25,40000000,125095601,149804632
17,Into the Wild,3.0,130.0,8.7,0,0,0,0,1,0,1,0,0,0,0,0,0,0,0,0,0,18354356,660.0,212440,4.0,0.0,2007-09-21,20000000,18354356,56822960
18,Woman in Gold,3.0,148.0,8.2,0,1,1,0,0,0,1,0,0,0,0,0,0,0,0,0,0,33307793,2011.0,2091551,258.0,0.0,2015-04-01,11000000,33307793,56711115
19,Dallas Buyers Club,4.0,98.0,6.6,0,0,1,0,0,0,1,0,1,0,0,0,0,0,0,0,0,27298285,1110.0,260865,9.0,1.0,2013-11-01,5000000,27298285,56238045
20,Tombstone,3.0,109.0,7.3,0,0,1,0,1,0,1,0,0,0,0,0,0,0,0,0,0,56505065,1955.0,6454752,1504.0,1.0,1993-12-25,25000000,56505065,56505065
21,Argo,3.0,85.0,7.5,0,0,1,0,0,0,1,0,0,0,0,0,1,0,0,0,0,136025503,3247.0,19458109,3232.0,0.0,2012-10-12,44500000,136025503,227140757
22,Monster,4.0,109.0,7.3,0,0,1,0,0,0,1,0,1,0,0,0,0,0,0,0,0,34469210,1093.0,86831,4.0,1.0,2003-12-24,5000000,34469210,64240813
23,American Gangster,3.0,116.0,7.9,0,0,1,0,0,0,1,0,0,0,0,0,0,1,0,0,0,130164645,3110.0,43565115,3054.0,1.0,2007-11-02,100000000,130164645,267985456
24,Almost Famous,4.0,122.0,7.9,0,1,0,1,0,0,1,0,0,0,0,0,0,0,0,0,0,32534850,2262.0,2314646,131.0,0.0,2000-09-15,60000000,32522352,47371191
25,Bottle Shock,3.0,150.0,8.5,0,0,1,0,0,0,1,0,0,0,0,0,0,0,0,1,0,4078607,401.0,278075,48.0,0.0,2008-08-06,5000000,4048523,4785806
26,"Yours, Mine and Ours",3.0,129.0,6.5,1,0,0,1,1,0,0,0,0,0,0,0,0,0,0,0,0,53412862,3210.0,17461108,3206.0,1.0,2005-11-23,45000000,53359917,72359917
27,The Fighter,3.0,135.0,6.7,0,0,1,0,0,0,1,0,1,0,0,0,0,0,0,0,0,93617009,2534.0,300010,4.0,1.0,2010-12-10,11000000,93617009,129262388
28,"Girl, Interrupted",2.0,129.0,7.7,0,0,1,0,0,0,1,0,0,0,0,0,0,1,0,0,0,28912646,1935.0,95399,9.0,1.0,1999-12-21,24000000,28871190,28871190
29,Captain Phillips,3.0,101.0,6.3,0,0,0,0,1,0,1,0,0,0,0,1,0,0,0,0,0,107100855,3143.0,25718314,3020.0,0.0,2013-10-11,55000000,107136417,220648184
30,The Pianist,3.0,112.0,7.0,0,0,1,0,1,0,1,0,0,0,0,0,0,0,0,0,0,32572577,842.0,111261,6.0,1.0,2002-12-27,35000000,32519322,111854182
31,Blow,3.0,134.0,7.9,0,0,1,0,0,0,1,0,0,0,0,0,0,0,1,0,0,52990775,2249.0,12443461,2249.0,0.0,2001-04-06,30000000,52990775,83282296
32,Danny Collins,4.0,113.0,7.8,0,0,1,0,0,0,1,0,0,0,0,0,0,1,0,0,0,5637066,739.0,72459,5.0,0.0,2015-03-20,10000000,5637066,7501132
33,Fruitvale Station,2.0,157.0,7.8,0,0,1,0,1,0,1,0,0,0,0,0,0,0,0,0,0,16101339,1086.0,386291,7.0,1.0,2013-07-12,900000,16098998,16928069
34,The Blind Side,3.0,129.0,7.4,0,0,1,0,0,0,1,0,0,0,0,0,0,1,0,0,0,255959475,3407.0,34119372,3110.0,1.0,2009-11-20,35000000,255959475,305705794
35,"McFarland, USA",3.0,128.0,7.2,0,0,0,1,0,0,1,0,0,0,0,0,0,1,0,0,0,44482410,2792.0,11020798,2755.0,0.0,2015-02-20,17000000,44480275,45707924
36,Annabelle,4.0,94.0,7.6,0,1,1,0,0,0,1,0,0,0,0,0,0,0,0,0,0,84273813,3215.0,37134255,3185.0,0.0,2014-10-03,6500000,84273813,250673813
37,The Pursuit of Happyness,3.0,123.0,7.3,0,0,0,0,0,0,1,0,0,0,0,0,0,0,0,1,0,163566459,3169.0,26541709,2852.0,1.0,2006-12-15,55000000,162586036,307325633
38,Remember the Titans,2.0,290.0,8.1,0,0,0,0,0,0,1,0,1,0,0,0,1,0,0,0,0,115654751,2803.0,20905831,1865.0,0.0,2000-09-29,30000000,115654751,136706683
39,The Patriot,3.0,140.0,7.6,0,1,0,0,0,0,1,0,0,0,0,0,0,0,0,0,0,113330342,3061.0,22413710,3061.0,1.0,2000-06-28,110000000,113330342,215300000
40,The Monuments Men,2.0,118.0,6.1,0,0,0,0,0,0,1,0,0,0,0,0,0,0,0,1,0,78031620,3083.0,22003433,3083.0,0.0,2014-02-07,70000000,78031620,158702748
41,Soul Surfer,4.0,99.0,5.4,0,0,0,0,0,0,0,0,0,1,0,1,0,0,0,0,0,43853424,2240.0,10601862,2214.0,0.0,2011-04-08,18000000,43853424,47158652
42,Erin Brockovich,3.0,153.0,7.8,0,0,0,0,0,0,1,0,1,0,0,0,0,0,0,1,0,125595205,3070.0,28138465,2848.0,0.0,2000-03-17,50000000,125548685,257805243
43,Pocahontas,2.0,114.0,7.6,0,0,0,0,0,0,1,0,0,0,0,0,0,0,1,0,0,141579773,2757.0,2689714,6.0,1.0,1995-06-10,55000000,141567679,347087906
44,A League of Their Own,3.0,95.0,6.5,0,1,0,0,0,0,0,1,0,0,0,0,0,0,0,0,0,107533928,2084.0,13739456,1782.0,1.0,1992-07-01,40000000,107404544,132310685
45,Fear and Loathing in Las Vegas,4.0,88.0,7.5,0,1,0,0,0,0,0,1,0,0,0,0,0,0,0,0,0,10680275,1130.0,3338590,1126.0,1.0,1998-05-22,18500000,10562387,13594015
46,Kill the Messenger,3.0,106.0,7.1,0,0,0,1,0,0,1,0,0,0,1,0,0,0,0,0,0,2450846,427.0,941809,374.0,0.0,2014-10-10,5000000,2450846,2767998
47,A Most Wanted Man,3.0,106.0,6.9,0,0,1,0,1,0,1,0,0,0,0,0,0,0,0,0,0,17237855,801.0,2687227,361.0,1.0,2014-07-25,15000000,17237855,36068890
48,Walking Tall,3.0,105.0,6.6,0,0,0,1,1,0,1,0,0,0,0,0,0,0,0,0,0,46437717,2836.0,15501114,2836.0,0.0,2004-04-02,56000000,46213824,47313824
49,Mulan,4.0,110.0,6.8,0,0,0,1,0,0,1,0,0,0,0,0,0,0,0,0,0,120620254,2953.0,22745143,2888.0,1.0,1998-06-19,90000000,120618403,303498149
50,Chicago,3.0,138.0,7.6,0,0,0,0,0,0,1,0,0,0,0,0,0,0,1,0,0,170687518,2701.0,2074929,77.0,1.0,2002-12-27,30000000,170687518,307687518
51,Apollo 13,3.0,122.0,6.8,0,0,0,0,1,0,1,0,0,0,0,0,0,0,1,0,0,172071312,2347.0,25353380,2197.0,1.0,1995-06-30,65000000,172036360,334065864
52,Finding Neverland,3.0,122.0,6.9,0,0,1,0,1,0,1,0,0,0,0,0,0,0,0,0,0,51680613,1411.0,220524,8.0,1.0,2004-11-12,25000000,51676606,115036108
53,A Few Good Men,3.0,100.0,7.7,0,0,0,1,0,0,1,0,0,0,0,0,0,0,0,0,0,141340178,2201.0,15517468,1925.0,1.0,1992-12-11,33000000,140525790,235685612
54,Anastasia,3.0,122.0,7.6,0,0,0,0,1,0,1,0,0,0,0,0,0,0,1,0,0,58406347,2511.0,120541,1.0,1.0,1997-11-14,53000000,58297830,139695831
55,Donnie Brasco,4.0,104.0,6.8,0,0,0,1,1,0,1,0,0,0,0,0,0,0,0,0,0,41909762,1593.0,11660216,1503.0,0.0,1997-02-28,35000000,41954997,65303052
56,United Passions,3.0,164.0,7.6,0,0,0,0,0,0,1,0,1,0,0,0,0,0,1,0,0,607,10.0,607,10.0,1.0,2015-06-05,30000000,918,168832
57,Friday Night Lights,3.0,131.0,7.6,0,0,0,0,0,0,1,0,1,0,0,0,0,0,0,1,0,61255921,3004.0,20269025,2667.0,0.0,2004-10-08,30000000,61188085,61882934
58,Changeling,3.0,137.0,7.2,1,0,0,0,0,0,1,0,1,0,0,0,0,0,0,0,0,35739802,1896.0,489015,15.0,0.0,2008-10-24,55000000,35739802,113805580
59,Defiance,3.0,127.0,7.8,0,0,1,0,1,0,1,0,0,0,0,0,0,0,0,0,0,28644813,1793.0,123513,2.0,1.0,2008-12-31,50000000,28644813,42268745
60,Lord of War,3.0,111.0,7.3,0,0,0,0,1,0,1,0,0,0,0,0,0,0,1,0,0,24149632,2814.0,9390144,2814.0,0.0,2005-09-16,42000000,24149632,60437727
61,Unstoppable,4.0,98.0,7.6,0,0,1,0,0,0,1,0,0,0,0,0,0,0,0,0,0,81562942,3261.0,22688457,3207.0,1.0,2010-11-12,95000000,81562942,169511609
62,Cop Land,4.0,98.0,6.8,1,0,0,0,0,0,0,0,0,0,0,0,0,0,1,0,0,44862187,2233.0,13510482,2233.0,0.0,1997-08-15,15000000,44810734,63610734
63,Coach Carter,2.0,121.0,6.9,0,0,0,0,0,0,1,0,0,0,1,0,0,0,0,0,0,67264877,2574.0,24182961,2524.0,0.0,2005-01-14,45000000,67264877,76665507
64,Behind Enemy Lines,3.0,115.0,7.3,0,0,1,0,0,0,1,0,0,0,0,0,0,0,0,0,0,58856790,2844.0,18736133,2770.0,1.0,2001-11-30,40000000,58855732,58855732
65,The Perfect Storm,4.0,118.0,7.3,1,0,0,0,0,0,1,0,0,0,0,0,0,1,0,0,0,182618434,3407.0,41325042,3407.0,1.0,2000-06-30,120000000,182618434,328711434
66,The Exorcism of Emily Rose,3.0,104.0,6.9,0,0,0,0,1,0,1,0,0,0,0,0,0,0,1,0,0,75072454,3045.0,30054300,2981.0,0.0,2005-09-09,18000000,75072454,144529078
67,Bernie,3.0,95.0,6.1,1,0,0,0,1,0,1,0,0,0,0,0,0,0,0,0,0,9206470,332.0,85805,3.0,0.0,2012-04-27,6000000,9204489,10106975
68,Philomena,3.0,102.0,7.6,0,0,0,1,0,0,1,0,0,0,0,0,1,0,0,0,0,37709979,1225.0,128435,4.0,1.0,2013-11-22,12000000,37709979,98963392
69,Rescue Dawn,3.0,121.0,7.8,0,0,0,0,1,0,1,0,0,0,0,0,0,0,0,0,0,5490423,505.0,110326,6.0,1.0,2007-07-04,10000000,5484375,7031838
70,The Bank Job,3.0,83.0,7.5,0,0,0,0,0,0,0,0,0,1,0,0,0,0,0,0,0,30060660,1613.0,5935256,1603.0,0.0,2008-03-07,20000000,30060660,66143005
71,The Informant!,2.0,115.0,7.1,0,0,0,1,0,0,1,0,0,0,0,0,1,0,0,0,0,33316821,2505.0,10464314,2505.0,0.0,2009-09-18,22000000,33316821,41771168
72,Agora,3.0,115.0,6.9,1,0,0,0,0,0,1,0,0,0,0,0,0,0,1,0,0,619423,17.0,33262,2.0,1.0,2010-05-28,70000000,619423,38992292
73,World Trade Center,4.0,123.0,7.5,0,0,1,0,1,0,1,0,0,0,0,0,0,0,0,0,0,70278893,3021.0,18730762,2957.0,0.0,2006-08-09,65000000,70278893,163295654
74,The Girl Next Door,3.0,133.0,8.1,0,0,1,0,0,0,1,0,1,0,0,0,0,0,0,0,0,14589444,2148.0,6003806,2148.0,0.0,2004-04-09,25000000,14589444,31635150
75,Green Zone,2.0,120.0,7.3,0,1,0,0,0,0,1,1,0,0,0,0,0,0,0,0,0,35053660,3004.0,14309295,3003.0,0.0,2010-03-12,100000000,35053660,97079343
76,K-19: The Widowmaker,4.0,86.0,6.2,1,0,0,0,1,0,0,0,0,0,0,0,0,0,0,0,0,35168966,2830.0,12778459,2828.0,1.0,2002-07-19,90000000,35168966,65716126
77,Julie & Julia,3.0,99.0,5.7,0,0,0,1,0,0,1,0,0,0,0,0,0,0,0,0,0,94125426,2528.0,20027956,2354.0,0.0,2009-08-07,40000000,94125426,126646119
78,Charlie Wilson's War,2.0,124.0,7.1,0,0,1,0,0,0,1,0,0,0,0,0,0,1,0,0,0,66661095,2594.0,9656250,2575.0,1.0,2007-12-21,75000000,66661095,119512771
79,Boys Don't Cry,3.0,127.0,7.2,0,1,0,0,0,0,1,0,1,0,0,0,0,0,0,0,0,11540607,365.0,73720,2.0,0.0,1999-10-08,2000000,11540607,20741000
80,Act of Valor,3.0,120.0,7.0,1,1,1,0,0,0,0,0,0,0,0,0,0,0,0,0,0,70012847,3053.0,24476632,3039.0,0.0,2012-02-24,12000000,70012847,82497035
81,Freedom Writers,4.0,165.0,8.0,0,1,0,0,0,0,1,0,0,0,0,0,0,0,1,0,0,36605602,2286.0,9405582,1360.0,0.0,2007-01-05,21000000,36605602,43632609
82,The Bridge on the River Kwai,3.0,121.0,5.6,0,0,0,0,1,0,1,0,0,0,0,1,0,0,0,0,0,27200000,,0,,1.0,1957-12-18,3000000,33300000,33300000
83,The Railway Man,3.0,116.0,7.1,0,0,1,0,0,0,1,0,0,0,0,0,1,0,0,0,0,4438438,600.0,61845,4.0,0.0,2014-04-11,18000000,4438438,23910210
84,Young Guns,4.0,120.0,7.4,0,1,1,0,0,0,1,0,0,0,0,0,0,0,0,0,0,45661556,1416.0,7011393,1387.0,0.0,1988-08-12,13000000,44726644,44726644
85,Eight Below,4.0,129.0,6.0,0,0,0,0,0,0,1,0,1,0,0,0,0,0,1,0,0,81612565,3122.0,20188176,3066.0,0.0,2006-02-17,40000000,81612565,120612565
86,Savage Grace,3.0,104.0,7.8,1,0,0,0,1,0,1,0,0,0,0,0,0,0,0,0,0,435746,22.0,22311,2.0,1.0,2008-05-28,4600000,434417,968805
87,Million Dollar Arm,3.0,155.0,7.2,0,0,0,0,0,0,1,0,1,0,0,0,0,0,0,0,0,36457627,3019.0,10515659,3019.0,1.0,2014-05-10,25000000,36447959,39217912
88,Heavenly Creatures,3.0,79.0,5.7,0,0,1,0,0,0,1,0,0,1,0,0,0,0,0,0,0,3049135,57.0,31592,2.0,1.0,1994-11-16,5000000,2932067,5324101
89,The Black Dahlia,3.0,108.0,5.9,0,1,0,0,0,0,1,0,0,0,0,0,0,0,1,0,0,22545080,2236.0,10005895,2226.0,0.0,2006-09-15,60000000,22545080,49110792
90,Machine Gun Preacher,3.0,99.0,7.4,0,0,1,0,1,0,1,0,0,0,0,0,0,0,0,0,0,538690,93.0,45130,4.0,0.0,2011-09-23,30000000,538690,3721988
91,We Are Marshall,2.0,112.0,7.6,0,0,1,0,1,0,1,0,0,0,0,0,0,0,0,0,0,43545364,2606.0,6114264,2606.0,1.0,2006-12-22,65000000,43545364,43545364
92,Take the Lead,3.0,112.0,6.9,0,0,0,1,0,0,1,0,0,0,0,1,0,0,0,0,0,34742066,3009.0,12051277,3009.0,0.0,2006-04-01,30000000,34742066,65390493
93,Bloodsport,4.0,138.0,6.6,0,0,0,0,0,0,1,0,1,0,0,0,0,0,1,0,0,11806119,124.0,515721,123.0,0.0,1988-02-26,1500000,11806119,11806119
94,Dead Man Walking,3.0,122.0,7.6,0,0,0,0,1,0,1,0,0,0,0,0,0,0,0,0,0,39363635,821.0,118266,4.0,1.0,1995-12-29,11000000,39379757,83080768
95,The Great Debaters,2.0,94.0,7.9,0,0,0,0,1,0,1,0,0,0,0,0,0,0,0,0,0,30236407,1290.0,6005180,1171.0,1.0,2007-12-25,15000000,30226144,30261293
96,Glory Road,2.0,101.0,6.3,0,0,0,1,0,0,1,0,0,0,0,0,1,0,0,0,0,42647449,2397.0,13594734,2222.0,0.0,2006-01-13,30000000,42647449,42799060
97,The Iron Lady,4.0,140.0,6.6,1,1,0,0,0,0,1,0,0,0,0,0,0,0,0,0,0,30017992,1244.0,220409,4.0,1.0,2011-12-30,14000000,29959436,115592104
98,Rosewater,3.0,145.0,7.8,0,0,0,0,0,0,1,0,0,0,0,0,0,0,1,1,0,3128941,371.0,1154303,371.0,1.0,2014-11-14,10000000,3128941,3168858
99,Amistad,4.0,123.0,7.0,0,0,1,0,0,0,1,0,0,0,0,0,1,0,0,0,0,44229441,1019.0,4573523,322.0,1.0,1997-12-12,40000000,44175394,58212953
100,Wolf Creek,3.0,200.0,7.0,0,0,0,0,1,0,1,0,0,0,0,0,1,0,0,0,0,16188180,1761.0,2805754,1749.0,1.0,2005-12-25,1100000,16186348,29005064
101,Animal Kingdom,3.0,96.0,6.4,0,0,0,0,0,0,1,0,0,0,0,0,0,0,1,0,0,1044039,61.0,61968,7.0,0.0,2010-08-13,4200000,1044039,8078683
102,The Rookie,4.0,107.0,7.0,0,0,0,1,0,0,1,0,0,0,1,0,0,0,0,0,0,75600072,2543.0,16021684,2511.0,0.0,2002-03-29,22000000,75600072,80491516
103,Compliance,3.0,98.0,7.4,0,0,1,0,1,0,1,0,0,0,0,0,0,0,0,0,0,319285,21.0,16427,1.0,0.0,2012-08-17,270000,319285,830700
104,Ravenous,3.0,101.0,7.1,0,0,0,0,0,0,0,0,0,1,0,0,0,0,1,0,0,2062405,1040.0,1040727,1040.0,0.0,1999-03-19,12000000,2062406,2062406
105,North Country,3.0,126.0,7.3,0,0,0,0,0,0,1,0,0,0,0,0,0,0,0,0,0,18337722,2555.0,6422455,2555.0,0.0,2005-10-21,30000000,18324242,23676771
106,Chariots of Fire,3.0,99.0,6.3,0,0,0,0,0,0,0,0,0,1,0,0,0,0,0,0,0,58972904,810.0,68907,3.0,0.0,1981-09-25,5500000,55222653,55222653
107,Bully,3.0,113.0,7.3,0,0,0,0,1,0,1,0,0,0,0,0,0,0,1,0,0,480811,20.0,47502,6.0,1.0,2001-07-13,2100000,881824,1381824
108,Open Water,4.0,118.0,6.6,0,0,0,0,0,0,1,0,0,0,1,0,0,0,0,0,0,30610863,2709.0,1100943,47.0,0.0,2004-08-06,500000,30500882,55518641
109,Sanctum,3.0,88.0,6.7,0,0,1,0,1,0,1,0,0,0,0,0,0,0,0,0,0,23209310,2789.0,9447930,2787.0,0.0,2011-02-04,30000000,23209310,104283753
110,The Newton Boys,2.0,125.0,7.3,0,0,1,0,0,0,1,0,0,0,0,0,0,1,0,0,0,10452012,1969.0,4010245,1965.0,0.0,1998-03-27,27000000,10297897,10297897
111,The Ghost and the Darkness,4.0,92.0,5.9,0,0,0,0,0,0,1,0,0,1,0,1,0,0,0,0,0,38619405,2202.0,9215063,2142.0,0.0,1996-10-11,55000000,38553833,38553833
112,The Great Raid,3.0,108.0,6.8,0,0,1,0,0,0,1,0,0,0,0,0,0,0,1,0,0,10167373,920.0,3376009,819.0,0.0,2005-08-12,60000000,10166502,10597070
113,Windtalkers,3.0,135.0,7.1,1,0,0,0,1,0,0,0,0,0,0,0,0,0,1,0,0,40914068,2898.0,14520412,2898.0,1.0,2002-06-14,115000000,40914068,77628265
114,Nowhere Boy,4.0,120.0,7.3,0,0,0,0,0,0,1,0,0,0,0,0,1,1,0,0,0,1457248,215.0,52749,4.0,0.0,2010-10-08,1900000,1445366,7785229
115,Shattered Glass,2.0,120.0,7.5,0,0,0,0,0,0,1,0,1,0,0,0,0,1,0,0,0,2220008,215.0,77540,8.0,0.0,2003-10-31,6000000,2207975,3456602
116,Hidalgo,2.0,80.0,8.0,0,0,0,0,1,0,1,0,0,0,0,0,0,0,1,0,0,67303450,3065.0,18829435,3063.0,0.0,2004-03-05,78000000,67286731,107336658
117,Gridiron Gang,4.0,115.0,6.4,0,0,0,0,0,0,1,0,1,0,0,0,0,0,0,0,1,38432823,3510.0,14414630,3504.0,0.0,2006-09-15,30000000,38432823,41457834
118,Flyboys,2.0,109.0,6.9,0,0,1,0,0,0,1,0,0,0,0,0,0,1,0,0,0,13090630,2033.0,6004219,2033.0,0.0,2006-09-22,60000000,13090630,14816379
119,Safe,2.0,109.0,7.5,0,0,1,0,0,0,1,0,0,0,0,0,0,0,0,0,0,512245,16.0,15830,1.0,1.0,2012-04-27,33000000,17142080,41495213
120,An American Haunting,4.0,94.0,7.2,0,0,0,0,0,0,1,0,1,0,0,0,0,0,0,0,0,16298046,1703.0,5783508,1675.0,1.0,2006-05-05,14000000,16298046,30443277
121,Radio,3.0,114.0,8.0,0,0,0,0,0,0,1,0,0,0,0,0,0,0,0,0,0,52333738,3074.0,13303724,3074.0,0.0,2003-10-24,35000000,52333738,53293628
122,Made in Dagenham,3.0,118.0,7.5,0,0,1,0,0,0,1,0,1,0,0,0,0,0,0,0,0,1095369,89.0,37563,3.0,1.0,2010-11-19,8000000,1095369,15644196
123,In the Valley of Elah,3.0,121.0,7.2,0,0,0,0,1,0,1,0,0,0,0,1,0,0,0,0,0,6777741,978.0,133557,9.0,0.0,2007-09-14,23000000,6777741,24489150
124,Find Me Guilty,1.0,225.0,6.6,0,0,1,0,0,0,1,0,1,0,0,0,0,0,0,0,0,1173643,439.0,608804,439.0,0.0,2006-03-17,13000000,1173673,2898225
125,White Squall,3.0,119.0,7.1,0,0,0,0,0,0,1,0,0,0,0,0,0,0,0,0,0,10292300,1524.0,3908514,1524.0,0.0,1996-02-02,38000000,10229300,10229300
126,Rabbit-Proof Fence,3.0,142.0,6.6,0,0,0,0,1,0,1,0,0,0,0,0,1,0,0,0,0,6199600,153.0,88352,9.0,1.0,2002-11-29,7000000,6199600,16866928
127,Taking Woodstock,2.0,94.0,7.5,0,1,1,0,0,0,1,0,0,0,0,0,0,0,0,0,0,7460204,1395.0,3457760,1393.0,0.0,2009-08-26,29000000,7460204,10066366
128,A Civil Action,3.0,107.0,6.5,0,0,0,0,0,0,1,0,0,0,0,0,0,0,1,0,0,56709981,2319.0,70079,2.0,1.0,1998-12-25,60000000,56702901,56702901
129,Party Monster,4.0,94.0,5.1,0,0,0,0,0,0,1,0,0,1,0,0,0,0,1,0,0,742898,13.0,15163,1.0,0.0,2003-08-29,5000000,742898,894030
130,Shadow of the Vampire,3.0,120.0,6.7,0,0,0,1,0,0,1,0,0,0,1,0,0,0,0,0,0,8293784,513.0,150171,6.0,1.0,2000-12-29,8000000,8279017,8279017
131,Get Low,4.0,131.0,7.2,0,0,1,0,0,0,1,0,0,0,0,0,0,0,1,0,0,9176933,570.0,88182,4.0,1.0,2010-07-30,7000000,9176933,9696933
132,Gallipoli,3.0,155.0,7.3,0,0,0,0,0,0,1,0,0,0,0,0,0,0,0,0,0,5732587,,0,,0.0,1981-08-28,3000000,5732587,5732587
133,Carlos,2.0,110.0,7.5,0,1,0,0,0,0,1,0,1,0,0,0,0,0,0,0,0,145526,7.0,20006,2.0,0.0,2010-10-15,18000000,145526,157002
134,Saints and Soldiers,3.0,112.0,8.0,0,0,0,0,1,0,1,0,0,0,0,0,1,0,0,0,0,1310470,37.0,129056,26.0,0.0,2004-08-06,780000,1310470,1310470
135,The Believer,3.0,102.0,7.4,0,0,0,0,1,0,1,0,0,0,0,0,0,0,0,0,0,416925,13.0,26263,4.0,1.0,2002-05-17,1500000,406035,1840248
136,It's All Gone Pete Tong,2.0,91.0,6.3,0,0,0,0,0,0,1,0,0,0,0,0,0,0,0,0,0,120620,24.0,19717,1.0,0.0,2005-04-15,2000000,120620,2226603
137,Summer of Sam,3.0,98.0,6.7,0,0,0,0,1,0,1,0,0,0,0,0,0,0,0,0,0,19288130,1536.0,5952452,1536.0,1.0,1999-07-02,22000000,19288130,19288130
138,American Outlaws,3.0,90.0,6.0,1,0,0,0,0,0,1,0,0,1,0,0,0,0,0,0,0,13342790,2348.0,4855475,2348.0,0.0,2001-08-17,35000000,13264986,13264986
139,Casino Jack,4.0,109.0,7.9,0,0,0,0,1,0,1,0,0,0,0,0,0,0,0,0,0,1042959,60.0,34528,7.0,1.0,2010-12-17,12500000,2039869,2272186
140,Love Ranch,4.0,180.0,5.8,0,0,1,0,0,0,1,1,0,0,0,0,0,0,0,0,0,137885,11.0,44220,11.0,1.0,2010-06-30,25000000,137885,146149
141,Dreamer: Inspired by a True Story,3.0,111.0,7.8,0,0,0,0,0,0,1,0,1,0,0,0,0,0,0,0,0,32751093,2735.0,9178233,2007.0,0.0,2005-10-21,32000000,33022286,39498360
142,River's Edge,4.0,83.0,5.0,0,0,0,0,0,0,0,0,0,1,0,1,0,0,1,0,0,4600000,3.0,67794,3.0,1.0,1987-05-08,1900000,4600000,4600000
143,The Children of Huang Shi,3.0,116.0,7.5,0,0,0,0,0,0,1,0,1,0,0,0,0,0,0,0,0,1031872,43.0,42755,7.0,1.0,2008-05-23,20000000,1031872,8221700
144,At First Sight,3.0,125.0,7.1,0,0,0,0,0,0,1,0,0,0,0,0,0,0,0,1,0,22365133,1838.0,8444321,1814.0,0.0,1999-01-15,40000000,22326247,22326247
145,In Too Deep,3.0,177.0,8.6,0,1,1,0,0,0,1,0,0,0,0,0,0,0,0,0,0,14011454,674.0,4220297,667.0,0.0,1999-08-25,7000000,14003141,15447861
146,Resurrecting the Champ,3.0,183.0,7.1,0,0,1,0,0,0,1,0,0,0,0,0,0,0,0,0,0,3172573,1605.0,1667659,1605.0,0.0,2007-08-24,13000000,3172382,3260555
147,Redacted,4.0,109.0,6.6,0,0,0,0,1,0,1,0,0,0,0,0,0,0,0,0,0,65388,15.0,25628,15.0,1.0,2007-11-16,5000000,65388,861325
148,I Dreamed of Africa,3.0,101.0,6.8,0,0,0,0,0,0,1,0,1,0,0,0,1,0,0,0,0,6651522,2112.0,2411445,2112.0,1.0,2000-05-05,34000000,6543194,6543194
149,The Longshots,3.0,107.0,4.9,0,0,0,0,0,0,1,0,0,0,0,0,0,0,0,0,0,11537046,2089.0,4080687,2089.0,0.0,2008-08-22,23000000,11511323,11778396
150,Invincible,2.0,84.0,4.8,0,0,0,0,0,0,1,0,1,0,0,0,0,0,0,1,0,57806952,2987.0,17031122,2917.0,0.0,2006-08-25,40000000,57806952,58501127
151,Owning Mahowny,3.0,104.0,6.5,0,0,0,0,1,0,0,0,0,0,0,1,0,0,1,0,0,1011871,24.0,33287,9.0,1.0,2003-05-02,10000000,1011054,1011054
152,The Last Shot,3.0,111.0,7.1,0,0,0,0,0,0,1,1,0,0,0,0,0,0,0,0,0,464275,40.0,164801,35.0,0.0,2004-09-24,40000000,463730,463730
153,Tumbleweeds,3.0,94.0,6.6,0,0,1,0,0,0,1,0,0,0,0,1,0,0,0,0,0,1350248,307.0,80030,31.0,1.0,1999-11-24,312000,1277188,1715108
154,September Dawn,3.0,144.0,6.7,0,0,0,0,0,0,1,0,0,0,0,0,0,0,0,0,0,1066555,857.0,601857,857.0,0.0,2007-08-24,10100000,1066555,1066555
155,Obsessed,3.0,103.0,6.8,0,0,0,0,0,0,0,0,0,1,0,0,0,0,0,0,0,68261644,2634.0,28612730,2514.0,0.0,2009-04-24,20000000,68261644,73964713
